source,builder
Prime Projects,Prime Projects
Novus Homes,Novus Homes
Lend Lease,Lend Lease
Webb & Brown-Neaves,Webb & Brown-Neaves
Carnarvon Timber & Hardware,CARNARVON
Coastview Australia Pty Ltd (River Stone Design),Coastview Australia Pty Ltd (River Stone Design)
NATS,NATS
Lee Holden,Lee Holden
EMCO,EMCO
Dale Alcock Projects,DALE ALCOCK
BW RESIDENTIAL,BW
M&B,M & B
M&B Sales,M&B
Pyramid Construction,PYRAMID
Fortitude Living P/L & GLiving P/L,FORTITUDE
MURRAY RIVER NORTH PTY LTD,MRN
Atlas Building (WA) Pty Ltd,ATLAS
Access Projects & Construction Pty Ltd,ACCESS
Built,BUILT
Project Building Supplies,PROJECT
Velocity Building,VELOCITY
McCorkell Construction,McCorkell
EvaBuilt Construction,EvaBuilt
Johns Building Supplies Pty Ltd,JOHNS BUILDING
